company_name,source_lane,source_name,source_url,query_cluster,geography,contact_channel_type,email_or_channel,website_url,services,icp_signals,source_quality_score,contactability_score,dedupe_key,source_query,source_rank,contact_page_url,company_phone,postal_address,role_hint,icp_score,evidence_snippet,scrapling_fetcher,extracted_at_utc,notes
Weeks & Co,google_basic,google_basic_live_serp,https://weeksasesores.com/,gb_core_contact,santa cruz de tenerife|tenerife,email,administración@weeksasesores.com,https://weeksasesores.com,"fiscal, contable, laboral, igic, renta","direct_email, capital_insular, igic",95,95,weeks-and-co|santa-cruz-de-tenerife-tenerife|email|administracion-weeksasesores-com,"""asesoria fiscal contable"" Canarias email",6,https://weeksasesores.com/en/contact-canary-islands-legal-advisors/,4420793420882980,Unknown,despacho,100,serp=Home: Asesoría Fiscal | Laboral | Contable y Digital en La ... weeksasesores.com https://weeksasesor | channel=administración@weeksasesores.com,StealthySession + Fetcher,2026-03-08T00:01:24+00:00,"google_live_discovery, contact_path_followup, serp_landing_not_root, curated_google_basic_v1"
Tengo Asesor,google_basic,google_basic_live_serp,https://tengoasesor.com/contable/,gb_core_contact,santa cruz de tenerife|tenerife,email,taco@tengoasesor.com,https://tengoasesor.com,"fiscal, contable, laboral, pymes, sociedades, renta, mercantil, subvenciones","direct_email, capital_insular, pymes, sociedades",95,95,tengo-asesor|santa-cruz-de-tenerife-tenerife|email|taco-tengoasesor-com,"""asesoria contable"" ""Santa Cruz de Tenerife"" ""contacto""",6,Unknown,Unknown,Unknown,despacho,100,serp=Asesoría Contable en Tenerife Tengo Asesor https://tengoasesor.com › contable | channel=taco@tengoasesor.com,StealthySession + Fetcher,2026-03-08T00:00:06+00:00,"google_live_discovery, contact_path_followup, serp_landing_not_root, curated_google_basic_v1"
Macrosuma asesores,google_basic,google_basic_live_serp,https://www.macrosuma.es/otros-servicios-asesoria/asesoria-pymes-las-palmas,gb_service_pain,las palmas de gran canaria|gran canaria,email,asesores@macrosuma.es,https://macrosuma.es,"fiscal, contable, laboral, autonomos, pymes, sociedades, renta, mercantil","direct_email, capital_insular, autonomos, pymes, sociedades",95,95,macrosuma-asesores|las-palmas-de-gran-canaria-gran-canaria|email|asesores-macrosuma-es,"""asesoria pymes"" ""Las Palmas"" inurl:servicios",1,https://www.macrosuma.es/contacto,Unknown,Unknown,despacho,100,serp=Asesoría Pymes Las Palmas - Macrosuma asesores macrosuma.es https://www.macrosuma.es › asesoria-pyme | channel=asesores@macrosuma.es,StealthySession + Fetcher,2026-03-08T00:02:01+00:00,"google_live_discovery, contact_path_followup, serp_landing_not_root, curated_google_basic_v1"
Asesoría Santa Cruz de Tenerife Tax,google_basic,google_basic_live_serp,https://www.tax.es/es/oficinas/islas-canarias/asesoria-santa-cruz-de-tenerife-tax,gb_service_pain,santa cruz de tenerife|tenerife,email,vic@tax.es,https://tax.es,"fiscal, contable, laboral, autonomos, renta, mercantil, subvenciones","direct_email, capital_insular, autonomos",95,95,asesoria-santa-cruz-de-tenerife-tax|santa-cruz-de-tenerife-tenerife|email|vic-tax-es,"""sociedades"" ""asesoria fiscal"" Canarias email",4,https://www.tax.es/es/contacto/asesoramiento-empresa-legal-fiscal-laboral,Unknown,Unknown,despacho,100,serp=Unknown | channel=vic@tax.es,StealthySession + Fetcher,2026-03-08T00:02:46+00:00,"google_live_discovery, contact_path_followup, serp_landing_not_root, curated_google_basic_v1"
Armas y Asociados,google_basic,google_basic_live_serp,https://armas-asociados.com/servicios/asesoria-fiscal,gb_core_contact,las palmas de gran canaria|gran canaria,email,manuel@armas-asociados.com,https://armas-asociados.com,"fiscal, contable, laboral, autonomos, pymes","direct_email, capital_insular, autonomos, pymes",95,95,armas-y-asociados|las-palmas-de-gran-canaria-gran-canaria|email|manuel-armas-asociados-com,"""asesoria fiscal contable"" Canarias email",3,https://armas-asociados.com/contacto,Unknown,Unknown,despacho,100,serp=armas-asociados.com | channel=manuel@armas-asociados.com,StealthySession + Fetcher,2026-03-08T00:01:03+00:00,"google_live_discovery, contact_path_followup, serp_landing_not_root, curated_google_basic_v1"
A.T. ASESORES TENERIFE,google_basic,google_basic_live_serp,https://www.atasesores.net/,gb_core_contact,santa cruz de tenerife|tenerife,email,atasesores@atasesores.net,https://atasesores.net,"fiscal, contable, laboral, pymes, sociedades","direct_email, capital_insular, pymes, sociedades",95,95,a-t-asesores-tenerife|santa-cruz-de-tenerife-tenerife|email|atasesores-atasesores-net,"""asesoria contable"" ""Santa Cruz de Tenerife"" ""contacto""",8,https://www.atasesores.net/solicitud-de-contacto,922245776,Unknown,despacho,100,serp=A.T. ASESORES TENERIFE A.T. ASESORES TENERIFE https://www.atasesores.net | channel=atasesores@atasesores.net,StealthySession + Fetcher,2026-03-08T00:00:24+00:00,"google_live_discovery, contact_path_followup, serp_landing_not_root, curated_google_basic_v1"
SANTIAGO GRANADO ASESORES SL,specialized_directory,AAFC - Despachos Profesionales,https://asesoresfiscalesdecanarias.org/servicios/despachos-profesionales/,sd_colegial_sectorial,las palmas de gran canaria|gran canaria,email,laurasantiago@bsvega.com,Unknown,"fiscal, contable, laboral","direct_email, capital_insular",95,85,santiago-granado-asesores|las-palmas-de-gran-canaria-gran-canaria|email|laurasantiago-bsvega-com,"site:org ""asesores fiscales"" Canarias asociacion",46,Unknown,676469318,Unknown,despacho,85,676469318 | laurasantiago@bsvega.com,Fetcher,2026-03-07T23:46:09+00:00,aafc_directory_pilot
"PAYA Y ASOCIADOS CONSULTORES, S.L.U.",specialized_directory,AAFC - Despachos Profesionales,https://asesoresfiscalesdecanarias.org/servicios/despachos-profesionales/,sd_colegial_sectorial,santa cruz de tenerife|tenerife,email,paya@payaconsultores.com,Unknown,"fiscal, contable, laboral","direct_email, capital_insular",95,85,paya-y-asociados-consultores-u|santa-cruz-de-tenerife-tenerife|email|paya-payaconsultores-com,"site:org ""asesores fiscales"" Canarias asociacion",8,Unknown,922235700,Unknown,despacho,85,922235700 | paya@payaconsultores.com,Fetcher,2026-03-07T23:46:09+00:00,aafc_directory_pilot
MABRIBA SL,specialized_directory,AAFC - Despachos Profesionales,https://asesoresfiscalesdecanarias.org/servicios/despachos-profesionales/,sd_colegial_sectorial,las palmas de gran canaria|gran canaria,email,informacion@mabriba.com,Unknown,"fiscal, contable, laboral","direct_email, capital_insular",95,85,mabriba|las-palmas-de-gran-canaria-gran-canaria|email|informacion-mabriba-com,"site:org ""asesores fiscales"" Canarias asociacion",5,Unknown,928226803,Unknown,despacho,85,928226803 | INFORMACION@MABRIBA.COM,Fetcher,2026-03-07T23:46:09+00:00,aafc_directory_pilot
GALLEGO Y ASOCIADOS C.E.SLP,specialized_directory,AAFC - Despachos Profesionales,https://asesoresfiscalesdecanarias.org/servicios/despachos-profesionales/,sd_colegial_sectorial,las palmas de gran canaria|gran canaria,email,amparo@gallegoyasociados.com,Unknown,"fiscal, contable, laboral","direct_email, capital_insular",95,85,gallego-y-asociados-c-e|las-palmas-de-gran-canaria-gran-canaria|email|amparo-gallegoyasociados-com,"site:org ""asesores fiscales"" Canarias asociacion",31,Unknown,928266609,Unknown,despacho,85,928266609 | amparo@gallegoyasociados.com,Fetcher,2026-03-07T23:46:09+00:00,aafc_directory_pilot
Carlos Mantilla,google_basic,google_basic_live_serp,https://carlosmantillaasociados.es/servicios-asesoria-empresas-vigo-madrid-las-palmas,gb_service_pain,multiple|canarias,email,contabilidad@mantillaasociados.com,https://carlosmantillaasociados.es,"fiscal, contable, laboral, pymes, sociedades, mercantil, subvenciones","direct_email, pymes, sociedades",95,85,carlos-mantilla|multiple-canarias|email|contabilidad-mantillaasociados-com,"""asesoria pymes"" ""Las Palmas"" inurl:servicios",2,Unknown,Unknown,Unknown,despacho,85,"serp=Servicios | Asesoría de empresas en Vigo, Madrid y Las Palmas carlosmantillaasociados.es https://car | channel=contabilidad@mantillaasociados.com",StealthySession + Fetcher,2026-03-08T00:02:03+00:00,"google_live_discovery, serp_landing_not_root, curated_google_basic_v1"
"ASESORIA CANARIA GONZALEZ, S.L.",specialized_directory,AAFC - Despachos Profesionales,https://asesoresfiscalesdecanarias.org/servicios/despachos-profesionales/,sd_colegial_sectorial,las palmas de gran canaria|gran canaria,email,gonzalezasesoria@canariasgonzalez.com,Unknown,"fiscal, contable, laboral","direct_email, capital_insular",95,85,asesoria-canaria-gonzalez|las-palmas-de-gran-canaria-gran-canaria|email|gonzalezasesoria-canariasgonzalez-com,"site:org ""asesores fiscales"" Canarias asociacion",37,Unknown,928432120,Unknown,despacho,85,928432120 | gonzalezasesoria@canariasgonzalez.com,Fetcher,2026-03-07T23:46:09+00:00,aafc_directory_pilot
SOLVE IT SPAIN SCP,specialized_directory,AAFC - Despachos Profesionales,https://asesoresfiscalesdecanarias.org/servicios/despachos-profesionales/,sd_colegial_sectorial,san bartolome de tirajana|gran canaria,email,welcome@solveitspain.com,Unknown,"fiscal, contable, laboral",direct_email,95,85,solve-it-spain|san-bartolome-de-tirajana-gran-canaria|email|welcome-solveitspain-com,"site:org ""asesores fiscales"" Canarias asociacion",50,Unknown,810101177,Unknown,despacho,80,810 10 11 77 | welcome@solveitspain.com,Fetcher,2026-03-07T23:46:09+00:00,aafc_directory_pilot
REAL ASESORES Y ABOGADOS,specialized_directory,AAFC - Despachos Profesionales,https://asesoresfiscalesdecanarias.org/servicios/despachos-profesionales/,sd_colegial_sectorial,la orotava|tenerife,email,real@realasesoresyabogados.com,Unknown,"fiscal, contable, laboral",direct_email,95,85,real-asesores-y-abogados|la-orotava-tenerife|email|real-realasesoresyabogados-com,"site:org ""asesores fiscales"" Canarias asociacion",56,Unknown,922335628,Unknown,despacho,80,922335628 | real@realasesoresyabogados.com,Fetcher,2026-03-07T23:46:09+00:00,aafc_directory_pilot
GOYA ASESORES,specialized_directory,AAFC - Despachos Profesionales,https://asesoresfiscalesdecanarias.org/servicios/despachos-profesionales/,sd_colegial_sectorial,arona|tenerife,email,asesores@goyaasesores.com,Unknown,"fiscal, contable, laboral",direct_email,95,85,goya-asesores|arona-tenerife|email|asesores-goyaasesores-com,"site:org ""asesores fiscales"" Canarias asociacion",55,Unknown,628656993,Unknown,despacho,80,628656993 | asesores@goyaasesores.com,Fetcher,2026-03-07T23:46:09+00:00,aafc_directory_pilot
"CONFIJULAB, S.L.",specialized_directory,AAFC - Despachos Profesionales,https://asesoresfiscalesdecanarias.org/servicios/despachos-profesionales/,sd_colegial_sectorial,adeje|tenerife,email,informacion@confijulab.com,Unknown,"fiscal, contable, laboral",direct_email,95,85,confijulab|adeje-tenerife|email|informacion-confijulab-com,"site:org ""asesores fiscales"" Canarias asociacion",11,Unknown,922787069,Unknown,despacho,80,922787069 | informacion@confijulab.com,Fetcher,2026-03-07T23:46:09+00:00,aafc_directory_pilot
ASESORÍA LOMBARDI,specialized_directory,AAFC - Despachos Profesionales,https://asesoresfiscalesdecanarias.org/servicios/despachos-profesionales/,sd_colegial_sectorial,arona|tenerife,email,juridico@asesorialombardi.es,Unknown,"fiscal, contable, laboral",direct_email,95,85,asesoria-lombardi|arona-tenerife|email|juridico-asesorialombardi-es,"site:org ""asesores fiscales"" Canarias asociacion",57,Unknown,34643851099,Unknown,despacho,80,+34643851099 | juridico@asesorialombardi.es,Fetcher,2026-03-07T23:46:09+00:00,aafc_directory_pilot
ASESORÍA GONZÁLEZ VEGA SLPU,specialized_directory,AAFC - Despachos Profesionales,https://asesoresfiscalesdecanarias.org/servicios/despachos-profesionales/,sd_colegial_sectorial,ingenio|gran canaria,email,pepa@asesoriagonzalezvega.es,Unknown,"fiscal, contable, laboral",direct_email,95,85,asesoria-gonzalez-vega-slpu|ingenio-gran-canaria|email|pepa-asesoriagonzalezvega-es,"site:org ""asesores fiscales"" Canarias asociacion",49,Unknown,928785113,Unknown,despacho,80,928785113 | PEPA@ASESORIAGONZALEZVEGA.ES,Fetcher,2026-03-07T23:46:09+00:00,aafc_directory_pilot
ASESORIA SANTANA GONZALEZ- MARÍA ELISABETH DÉNIZ VALIDO,specialized_directory,AAFC - Despachos Profesionales,https://asesoresfiscalesdecanarias.org/servicios/despachos-profesionales/,sd_colegial_sectorial,santa lucia de tirajana|gran canaria,email,elisabeth@asesoriasantanagonzalez.com,Unknown,"fiscal, contable, laboral",direct_email,95,85,asesoria-santana-gonzalez-maria-elisabeth-deniz-valido|santa-lucia-de-tirajana-gran-canaria|email|elisabeth-asesoriasantanagonzalez-com,"site:org ""asesores fiscales"" Canarias asociacion",66,Unknown,928756473,Unknown,despacho,80,928756473 | elisabeth@asesoriasantanagonzalez.com,Fetcher,2026-03-07T23:46:09+00:00,aafc_directory_pilot
ASESORIA LABORAL ALEJANDRO,specialized_directory,AAFC - Despachos Profesionales,https://asesoresfiscalesdecanarias.org/servicios/despachos-profesionales/,sd_colegial_sectorial,telde|gran canaria,email,asesoralejandro@telefonica.net,Unknown,"fiscal, contable, laboral",direct_email,95,85,asesoria-laboral-alejandro|telde-gran-canaria|email|asesoralejandro-telefonica-net,"site:org ""asesores fiscales"" Canarias asociacion",19,Unknown,928701490,Unknown,despacho,80,928701490 | asesoralejandro@telefonica.net,Fetcher,2026-03-07T23:46:09+00:00,aafc_directory_pilot
ASESORIA CONSULTING CRISTY PLASENCIA,specialized_directory,AAFC - Despachos Profesionales,https://asesoresfiscalesdecanarias.org/servicios/despachos-profesionales/,sd_colegial_sectorial,guia de isora|tenerife,email,asesoriaconsulting@cristyplasencia.com,Unknown,"fiscal, contable, laboral",direct_email,95,85,asesoria-consulting-cristy-plasencia|guia-de-isora-tenerife|email|asesoriaconsulting-cristyplasencia-com,"site:org ""asesores fiscales"" Canarias asociacion",64,Unknown,34677718993,Unknown,despacho,80,+34677718993 | ASESORIACONSULTING@CRISTYPLASENCIA.COM,Fetcher,2026-03-07T23:46:09+00:00,aafc_directory_pilot
ALODAN ASESORES SL,specialized_directory,AAFC - Despachos Profesionales,https://asesoresfiscalesdecanarias.org/servicios/despachos-profesionales/,sd_colegial_sectorial,granadilla de abona|tenerife,email,alodan@alodanasesores.es,Unknown,"fiscal, contable, laboral",direct_email,95,85,alodan-asesores|granadilla-de-abona-tenerife|email|alodan-alodanasesores-es,"site:org ""asesores fiscales"" Canarias asociacion",40,Unknown,922246012,Unknown,despacho,80,922246012 | alodan@alodanasesores.es,Fetcher,2026-03-07T23:46:09+00:00,aafc_directory_pilot
PERTIERRA ASESORES,specialized_directory,AAFC - Despachos Profesionales,https://asesoresfiscalesdecanarias.org/servicios/despachos-profesionales/,sd_colegial_sectorial,santa cruz de tenerife|tenerife,email,asesores@pertierra.es,Unknown,"fiscal, contable","direct_email, capital_insular",95,85,pertierra-asesores|santa-cruz-de-tenerife-tenerife|email|asesores-pertierra-es,"site:org ""asesores fiscales"" Canarias asociacion",21,Unknown,922291710,Unknown,despacho,75,922291710 | asesores@pertierra.es,Fetcher,2026-03-07T23:46:09+00:00,aafc_directory_pilot
PATRIMONIO NETO SLP,specialized_directory,AAFC - Despachos Profesionales,https://asesoresfiscalesdecanarias.org/servicios/despachos-profesionales/,sd_colegial_sectorial,las palmas de gran canaria|gran canaria,email,sergio@netoconsultores.es,Unknown,"fiscal, contable","direct_email, capital_insular",95,85,patrimonio-neto|las-palmas-de-gran-canaria-gran-canaria|email|sergio-netoconsultores-es,"site:org ""asesores fiscales"" Canarias asociacion",23,Unknown,928380946,Unknown,despacho,75,928380946 | sergio@netoconsultores.es,Fetcher,2026-03-07T23:46:09+00:00,aafc_directory_pilot
"R.CALLERO ASESORES,S.L.",specialized_directory,AAFC - Despachos Profesionales,https://asesoresfiscalesdecanarias.org/servicios/despachos-profesionales/,sd_colegial_sectorial,arrecife|lanzarote,email,ramon@rcallero.es,Unknown,"fiscal, contable, laboral",direct_email,95,85,r-callero-asesores|arrecife-lanzarote|email|ramon-rcallero-es,"site:org ""asesores fiscales"" Canarias asociacion",3,Unknown,928814275,Unknown,despacho,70,928814275 | ramon@rcallero.es,Fetcher,2026-03-07T23:46:09+00:00,aafc_directory_pilot
MARIO JAVIER LODOS VILLALBA,specialized_directory,AAFC - Despachos Profesionales,https://asesoresfiscalesdecanarias.org/servicios/despachos-profesionales/,sd_colegial_sectorial,puerto del rosario|fuerteventura,email,mariolodos@asesoriamariolodos.es,Unknown,"fiscal, contable, laboral",direct_email,95,85,mario-javier-lodos-villalba|puerto-del-rosario-fuerteventura|email|mariolodos-asesoriamariolodos-es,"site:org ""asesores fiscales"" Canarias asociacion",6,Unknown,928531617,Unknown,despacho,70,928531617 - 828913876 | mariolodos@asesoriamariolodos.es,Fetcher,2026-03-07T23:46:09+00:00,aafc_directory_pilot
LPR ASESOR,specialized_directory,AAFC - Despachos Profesionales,https://asesoresfiscalesdecanarias.org/servicios/despachos-profesionales/,sd_colegial_sectorial,telde|gran canaria,email,lpadilla@economistas.org,Unknown,"fiscal, contable",direct_email,95,85,lpr-asesor|telde-gran-canaria|email|lpadilla-economistas-org,"site:org ""asesores fiscales"" Canarias asociacion",67,Unknown,676256507,Unknown,despacho,70,676256507 | lpadilla@economistas.org,Fetcher,2026-03-07T23:46:09+00:00,aafc_directory_pilot
GONZÁLEZ Y GARCÍA CONSULTORES,specialized_directory,AAFC - Despachos Profesionales,https://asesoresfiscalesdecanarias.org/servicios/despachos-profesionales/,sd_colegial_sectorial,guia de isora|tenerife,email,juanjose@gonzalezygarciaconsultores.es,Unknown,"fiscal, contable",direct_email,95,85,gonzalez-y-garcia-consultores|guia-de-isora-tenerife|email|juanjose-gonzalezygarciaconsultores-es,"site:org ""asesores fiscales"" Canarias asociacion",58,Unknown,922852352,Unknown,despacho,70,922852352 | juanjose@gonzalezygarciaconsultores.es,Fetcher,2026-03-07T23:46:09+00:00,aafc_directory_pilot
ASESORIA-GESTORIA ABEL FERNANDEZ SLU,specialized_directory,AAFC - Despachos Profesionales,https://asesoresfiscalesdecanarias.org/servicios/despachos-profesionales/,sd_colegial_sectorial,valverde|el hierro,email,abelfer@infonegocio.com,Unknown,"fiscal, contable, laboral",direct_email,95,85,asesoria-gestoria-abel-fernandez-slu|valverde-el-hierro|email|abelfer-infonegocio-com,"site:org ""asesores fiscales"" Canarias asociacion",26,Unknown,922550356,Unknown,despacho,70,922550356 | ABELFER@INFONEGOCIO.COM,Fetcher,2026-03-07T23:46:09+00:00,aafc_directory_pilot
RED TAPE CONSULTING SL,specialized_directory,AAFC - Despachos Profesionales,https://asesoresfiscalesdecanarias.org/servicios/despachos-profesionales/,sd_colegial_sectorial,teguise|lanzarote,email,alba@redtapelanzarote.com,Unknown,"fiscal, contable",direct_email,95,85,red-tape-consulting|teguise-lanzarote|email|alba-redtapelanzarote-com,"site:org ""asesores fiscales"" Canarias asociacion",27,Unknown,625032910,Unknown,despacho,60,625032910 | alba@redtapelanzarote.com,Fetcher,2026-03-07T23:46:09+00:00,aafc_directory_pilot
GRAN CANARIA | LAS PALMAS DE GRAN CANARIA,specialized_directory,AAFC - Despachos Profesionales,https://asesoresfiscalesdecanarias.org/servicios/despachos-profesionales/,sd_colegial_sectorial,mhutton@economistas.org|,email,mhutton@economistas.org,Unknown,"fiscal, contable",direct_email,95,85,gran-canaria-las-palmas-de-gran-canaria|mhutton-economistas-org|email|mhutton-economistas-org,"site:org ""asesores fiscales"" Canarias asociacion",39,Unknown,Unknown,Unknown,despacho,60,| mhutton@economistas.org,Fetcher,2026-03-07T23:46:09+00:00,aafc_directory_pilot
Lafuente Asesores,google_basic,google_basic_live_serp,https://lafuenteasesores.es/asesoria-autonomos-tenerife/,gb_service_pain,santa cruz de tenerife|tenerife,email,contacto@lafuenteasesores.es,https://lafuenteasesores.es,"fiscal, contable, laboral, autonomos, sociedades, renta, subvenciones","direct_email, capital_insular, autonomos, sociedades",95,80,lafuente-asesores|santa-cruz-de-tenerife-tenerife|email|contacto-lafuenteasesores-es,"""asesoria autonomos"" Canarias ""contacto""",4,https://lafuenteasesores.es/contacto/,34822694710,Unknown,despacho,100,serp=Lafuente Asesores (Tenerife) | channel=contacto@lafuenteasesores.es,StealthySession + Fetcher,2026-03-08T00:01:44+00:00,"google_live_discovery, contact_path_followup, serp_landing_not_root, curated_google_basic_v1"
Gómez Asesores,google_basic,google_basic_live_serp,https://gomezasesores.com/,gb_core_contact,santa cruz de tenerife|tenerife,email,administracion@gomezasesores.com,https://gomezasesores.com,"fiscal, contable, laboral, autonomos","direct_email, capital_insular, autonomos",95,80,gomez-asesores|santa-cruz-de-tenerife-tenerife|email|administracion-gomezasesores-com,"""asesoria fiscal contable"" Canarias email",8,https://gomezasesores.com/contactar-con-gomez-asesores/,616374716,Unknown,despacho,100,serp=Gómez Asesores Gómez Asesores https://gomezasesores.com | channel=administracion@gomezasesores.com,StealthySession + Fetcher,2026-03-08T00:01:34+00:00,"google_live_discovery, contact_path_followup, serp_landing_not_root, curated_google_basic_v1"
Ferrera Asesores Y CONSULTORES,google_basic,google_basic_live_serp,https://ferreraasesores.com/,gb_service_pain,santa cruz de tenerife|tenerife,email,info@ferreraasesores.com,https://ferreraasesores.com,"fiscal, contable, laboral, sociedades, mercantil","direct_email, capital_insular, sociedades",95,80,ferrera-asesores-y-consultores|santa-cruz-de-tenerife-tenerife|email|info-ferreraasesores-com,"""sociedades"" ""asesoria fiscal"" Canarias email",5,Unknown,Unknown,Unknown,despacho,100,serp=Unknown | channel=info@ferreraasesores.com,StealthySession + Fetcher,2026-03-08T00:03:12+00:00,"google_live_discovery, contact_path_followup, serp_landing_not_root, curated_google_basic_v1"
Cabrera Rodríguez,google_basic,google_basic_live_serp,https://cabrerarodriguez.com/asesoria-fiscal-contable/,gb_core_contact,las palmas de gran canaria|gran canaria,email,info@cabrerarodriguez.com,https://cabrerarodriguez.com,"fiscal, contable, laboral, sociedades, mercantil","direct_email, capital_insular, sociedades",95,80,cabrera-rodriguez|las-palmas-de-gran-canaria-gran-canaria|email|info-cabrerarodriguez-com,"""asesoria fiscal contable"" Canarias email",2,https://cabrerarodriguez.com/contacto/,922241188,Unknown,despacho,100,serp=Cabrera Rodríguez | channel=info@cabrerarodriguez.com,StealthySession + Fetcher,2026-03-08T00:00:59+00:00,"google_live_discovery, contact_path_followup, serp_landing_not_root, curated_google_basic_v1"
Asesoría Fiscal y Abogados en Las Palmas de Gran Canaria,google_basic,google_basic_live_serp,https://fiscaltaxcanarias.com/,gb_service_pain,las palmas de gran canaria|gran canaria,email,info@fiscaltaxcanarias.com,https://fiscaltaxcanarias.com,"fiscal, contable, laboral, autonomos, pymes, sociedades, igic, renta, mercantil","direct_email, capital_insular, autonomos, pymes, sociedades, igic",95,80,asesoria-fiscal-y-abogados-en-las-palmas-de-gran-canaria|las-palmas-de-gran-canaria-gran-canaria|email|info-fiscaltaxcanarias-com,"""sociedades"" ""asesoria fiscal"" Canarias email",3,https://fiscaltaxcanarias.com/contactos/,Unknown,Unknown,despacho,100,serp=Unknown | channel=info@fiscaltaxcanarias.com,StealthySession + Fetcher,2026-03-08T00:02:43+00:00,"google_live_discovery, contact_path_followup, serp_landing_not_root, curated_google_basic_v1"
Asesores Tenerife,google_basic,google_basic_live_serp,https://eximasesores.com/contacto/,gb_core_contact,santa cruz de tenerife|tenerife,email,info@eximasesores.com,https://eximasesores.com,"fiscal, contable, laboral, autonomos, pymes, sociedades, igic, renta","direct_email, contact_page, capital_insular, autonomos, pymes, sociedades, igic",95,80,asesores-tenerife|santa-cruz-de-tenerife-tenerife|email|info-eximasesores-com,"""asesoria contable"" ""Santa Cruz de Tenerife"" ""contacto""",5,https://eximasesores.com/contacto/,34689123992,Unknown,despacho,100,serp=CONTACTO Asesores Tenerife https://eximasesores.com › contacto | channel=info@eximasesores.com,StealthySession + Fetcher,2026-03-08T00:00:03+00:00,"google_live_discovery, contact_path_followup, serp_landing_not_root, curated_google_basic_v1"
ah asesores,google_basic,google_basic_live_serp,https://ahasesores.com/,gb_core_contact,santa cruz de tenerife|tenerife,email,info@ahasesores.com,https://ahasesores.com,"fiscal, contable, laboral, pymes, subvenciones","direct_email, capital_insular, pymes",95,80,ah-asesores|santa-cruz-de-tenerife-tenerife|email|info-ahasesores-com,"""asesoria fiscal contable"" Canarias email",4,https://ahasesores.com/contactanos/,922363145,Unknown,despacho,100,serp=ah asesores | channel=info@ahasesores.com,StealthySession + Fetcher,2026-03-08T00:01:18+00:00,"google_live_discovery, contact_path_followup, serp_landing_not_root, curated_google_basic_v1"
Advixy,google_basic,google_basic_live_serp,https://advixy.com/asesoria-fiscal-tenerife-canarias/,gb_service_pain,santa cruz de tenerife|tenerife,email,info@advixy.com,https://advixy.com,"fiscal, contable, laboral, pymes, sociedades, igic, renta","direct_email, capital_insular, pymes, sociedades, igic",95,80,advixy|santa-cruz-de-tenerife-tenerife|email|info-advixy-com,IGIC asesoria Tenerife contacto,5,https://advixy.com/contacto/,34681063229,Unknown,despacho,100,serp=Unknown | channel=info@advixy.com,StealthySession + Fetcher,2026-03-08T00:02:28+00:00,"google_live_discovery, contact_path_followup, serp_landing_not_root, curated_google_basic_v1"
Adriana de la Nuez,google_basic,google_basic_live_serp,https://www.adrianadelanuez.com/,gb_core_contact,santa cruz de tenerife|tenerife,email,asesoria@adrianadelanuez.com,https://adrianadelanuez.com,"fiscal, contable, laboral, sociedades, igic, renta, mercantil, subvenciones","direct_email, capital_insular, sociedades, igic",95,80,adriana-de-la-nuez|santa-cruz-de-tenerife-tenerife|email|asesoria-adrianadelanuez-com,"""asesoria fiscal contable"" Canarias email",7,https://www.adrianadelanuez.com/solicitud-de-contacto,671367761,Unknown,despacho,100,"serp=Adriana de la Nuez - ASESORÍA FISCAL, CONTABLE Y ... Adriana de la Nuez https://www.adrianadelanuez. | channel=asesoria@adrianadelanuez.com",StealthySession + Fetcher,2026-03-08T00:01:30+00:00,"google_live_discovery, contact_path_followup, serp_landing_not_root, curated_google_basic_v1"
You Asesoría,google_basic,google_basic_live_serp,https://www.youasesoria.com/ser-autonomo-en-canarias/,gb_service_pain,unknown|tenerife,email,info@youasesoria.com,https://youasesoria.com,"fiscal, contable, laboral, autonomos, pymes, sociedades, renta, mercantil, subvenciones","direct_email, autonomos, pymes, sociedades",95,80,you-asesoria|unknown-tenerife|email|info-youasesoria-com,"""asesoria autonomos"" Canarias ""contacto""",5,https://www.youasesoria.com/contacto/,34604563796,Unknown,despacho,95,serp=Unknown | channel=info@youasesoria.com,StealthySession + Fetcher,2026-03-08T00:01:48+00:00,"google_live_discovery, contact_path_followup, serp_landing_not_root, curated_google_basic_v1"
Contasert,google_basic,google_basic_live_serp,https://contasert.com/,gb_service_pain,santa cruz de tenerife|tenerife,email,info@contasert.com,https://contasert.com,"fiscal, contable, autonomos, sociedades, subvenciones","direct_email, capital_insular, autonomos, sociedades",95,80,contasert|santa-cruz-de-tenerife-tenerife|email|info-contasert-com,"""asesoria autonomos"" Canarias ""contacto""",1,https://contasert.com/contacto/,Unknown,Unknown,despacho,90,serp=Contasert | channel=info@contasert.com,StealthySession + Fetcher,2026-03-08T00:01:36+00:00,"google_live_discovery, contact_path_followup, serp_landing_not_root, curated_google_basic_v1"
Asesoría fiscal y contable en Las Palmas de Gran Canaria,google_basic,google_basic_live_serp,https://www.galvan-martin.com/,gb_core_contact,las palmas de gran canaria|gran canaria,email,asesoria@galvan-martin.com,https://galvan-martin.com,"fiscal, contable, autonomos, sociedades","direct_email, capital_insular, autonomos, sociedades",95,80,asesoria-fiscal-y-contable-en-las-palmas-de-gran-canaria|las-palmas-de-gran-canaria-gran-canaria|email|asesoria-galvan-martin-com,"""asesoria fiscal"" ""Las Palmas de Gran Canaria"" ""contacto""",3,https://www.galvan-martin.com/contacto,628105111,Unknown,despacho,90,serp=Asesoría fiscal y contable en Las Palmas de Gran Canaria galvan-martin.com https://www.galvan-martin | channel=asesoria@galvan-martin.com,StealthySession + Fetcher,2026-03-07T23:59:35+00:00,"google_live_discovery, contact_path_followup, serp_landing_not_root, curated_google_basic_v1"
TaxGo Canarias,google_basic,google_basic_live_serp,https://taxgocanarias.com/asesoria-autonomos-en-canarias,gb_service_pain,multiple|canarias,email,info@taxgocanarias.com,https://taxgocanarias.com,"fiscal, contable, laboral, autonomos, sociedades, renta, subvenciones","direct_email, autonomos, sociedades",95,80,taxgo-canarias|multiple-canarias|email|info-taxgocanarias-com,"""asesoria autonomos"" Canarias ""contacto""",7,Unknown,Unknown,Unknown,despacho,85,"serp=Asesoría de Autónomos en Canarias | Fiscal, Contable y ... TaxGo Canarias https://taxgocanarias.com  | channel=info@taxgocanarias.com",StealthySession + Fetcher,2026-03-08T00:01:52+00:00,"google_live_discovery, contact_path_followup, serp_landing_not_root, curated_google_basic_v1"
Gestoría en Gran Canaria (Las Palmas),google_basic,google_basic_live_serp,https://www.billeo.es/gestoria-gran-canaria,gb_service_pain,multiple|canarias,email,contacto@billeo.es,https://billeo.es,"fiscal, contable, laboral, autonomos, pymes, sociedades, renta","direct_email, autonomos, pymes, sociedades",95,80,gestoria-en-gran-canaria-las-palmas|multiple-canarias|email|contacto-billeo-es,"""asesoria autonomos"" Canarias ""contacto""",2,https://www.billeo.es/contacto/,Unknown,Unknown,despacho,85,serp=Billeo | channel=contacto@billeo.es,StealthySession + Fetcher,2026-03-08T00:01:38+00:00,"google_live_discovery, contact_path_followup, serp_landing_not_root, curated_google_basic_v1"
Asesoría Fiscal Tenerife,google_basic,google_basic_live_serp,https://www.afecoperera.com/es/nuestros-servicios/asesoria-fiscal,gb_service_pain,unknown|tenerife,email,asesoria@afecoperera.com,https://afecoperera.com,"fiscal, contable, laboral, renta, mercantil",direct_email,95,80,asesoria-fiscal-tenerife|unknown-tenerife|email|asesoria-afecoperera-com,IGIC asesoria Tenerife contacto,8,https://www.afecoperera.com/es/contacto,34922796731,Unknown,despacho,80,serp=Unknown | channel=asesoria@afecoperera.com,StealthySession + Fetcher,2026-03-08T00:02:36+00:00,"google_live_discovery, contact_path_followup, serp_landing_not_root, curated_google_basic_v1"
RTR Consultores,google_basic,google_basic_live_serp,https://www.gruportr.com/asesoria-fiscal/,gb_core_contact,las palmas de gran canaria|gran canaria,email,info@gruportr.com,https://gruportr.com,"fiscal, contable, mercantil","direct_email, capital_insular",95,80,rtr-consultores|las-palmas-de-gran-canaria-gran-canaria|email|info-gruportr-com,"""asesoria fiscal"" ""Las Palmas de Gran Canaria"" ""contacto""",1,https://www.gruportr.com/contacto/,34928252010,Unknown,despacho,75,serp=Asesoría Fiscal Las Palmas RTR Consultores https://www.gruportr.com › asesoria-fiscal | channel=info@gruportr.com,StealthySession + Fetcher,2026-03-07T23:59:31+00:00,"google_live_discovery, contact_path_followup, serp_landing_not_root, curated_google_basic_v1"
Abogados y Asesoría Fiscal Contable y Laboral en Lanzarote (Islas Canarias),google_basic,google_basic_live_serp,https://www.lemesasesoresfiscales.com/contacto-lemes-asesores-fiscales/,gb_core_contact,arrecife|lanzarote,email,info@lemesasesoresfiscales.com,https://lemesasesoresfiscales.com,"fiscal, contable, laboral","direct_email, contact_page",95,80,abogados-y-asesoria-fiscal-contable-y-laboral-en-lanzarote-islas-canarias|arrecife-lanzarote|email|info-lemesasesoresfiscales-com,"""asesoria fiscal contable"" Canarias email",1,https://www.lemesasesoresfiscales.com/contacto-lemes-asesores-fiscales/,34928817456,Unknown,despacho,70,serp=www.lemesasesoresfiscales.com | channel=info@lemesasesoresfiscales.com,StealthySession + Fetcher,2026-03-08T00:00:48+00:00,"google_live_discovery, contact_path_followup, serp_landing_not_root, curated_google_basic_v1"
Moore Market,google_basic,google_basic_live_serp,https://mooremarket.es/asesoria-pymes-y-autonomos/asesoria-autonomos-online-canarias/,gb_service_pain,santa cruz de tenerife|tenerife,email,info@mooremarket.es,https://mooremarket.es,"laboral, autonomos, pymes, renta","direct_email, capital_insular, autonomos, pymes",95,80,moore-market|santa-cruz-de-tenerife-tenerife|email|info-mooremarket-es,"""asesoria autonomos"" Canarias ""contacto""",3,https://mooremarket.es/contacto-consultorias-estrategicas-espana/,933801667,Unknown,despacho,50,serp=mooremarket.es | channel=info@mooremarket.es,StealthySession + Fetcher,2026-03-08T00:01:41+00:00,"google_live_discovery, contact_path_followup, serp_landing_not_root, curated_google_basic_v1"
Gallego y Asociados,google_basic,google_basic_live_serp,https://www.gallegoyasociados.es/,gb_service_pain,las palmas de gran canaria|gran canaria,email,info@gallegoyasociados.com,https://gallegoyasociados.es,"fiscal, contable, laboral, autonomos, pymes, sociedades, igic, renta, mercantil, subvenciones","direct_email, capital_insular, autonomos, pymes, sociedades, igic",95,72,gallego-y-asociados|las-palmas-de-gran-canaria-gran-canaria|email|info-gallegoyasociados-com,"""sociedades"" ""asesoria fiscal"" Canarias email",1,https://www.gallegoyasociados.es/contactar/,928266609,Unknown,despacho,100,serp=Unknown | channel=info@gallegoyasociados.com,StealthySession + Fetcher,2026-03-08T00:02:41+00:00,"google_live_discovery, contact_path_followup, serp_landing_not_root, curated_google_basic_v1"
Asesoría de Triana l Tu despacho en Las Palmas,google_basic,google_basic_live_serp,https://asesoriadetriana.com/,gb_core_contact,las palmas de gran canaria|gran canaria,email,info@asesoriadetriana.es,https://asesoriadetriana.com,"fiscal, contable, laboral, pymes, sociedades, subvenciones","direct_email, capital_insular, pymes, sociedades",95,72,asesoria-de-triana-l-tu-despacho-en-las-palmas|las-palmas-de-gran-canaria-gran-canaria|email|info-asesoriadetriana-es,"""asesoria fiscal"" ""Las Palmas de Gran Canaria"" ""contacto""",2,Unknown,Unknown,Unknown,despacho,100,serp=Asesoría de Triana l Tu despacho en Las Palmas asesoriadetriana.com https://asesoriadetriana.com | channel=info@asesoriadetriana.es,StealthySession + Fetcher,2026-03-07T23:59:33+00:00,"google_live_discovery, serp_landing_not_root, curated_google_basic_v1"
SP ASESORÍA INTEGRAL S.L.,specialized_directory,AAFC - Despachos Profesionales,https://asesoresfiscalesdecanarias.org/servicios/despachos-profesionales/,sd_colegial_sectorial,las palmas de gran canaria|gran canaria,email,info@spasesoriaintegral.com,Unknown,"fiscal, contable, laboral","direct_email, capital_insular",95,72,sp-asesoria-integral|las-palmas-de-gran-canaria-gran-canaria|email|info-spasesoriaintegral-com,"site:org ""asesores fiscales"" Canarias asociacion",68,Unknown,928263756,Unknown,despacho,85,928263756 | info@spasesoriaintegral.com,Fetcher,2026-03-07T23:46:09+00:00,aafc_directory_pilot
SIETE X CIENTO,specialized_directory,AAFC - Despachos Profesionales,https://asesoresfiscalesdecanarias.org/servicios/despachos-profesionales/,sd_colegial_sectorial,santa cruz de tenerife|tenerife,email,info@sietexciento.es,Unknown,"fiscal, contable, laboral","direct_email, capital_insular",95,72,siete-x-ciento|santa-cruz-de-tenerife-tenerife|email|info-sietexciento-es,"site:org ""asesores fiscales"" Canarias asociacion",61,Unknown,686700448,Unknown,despacho,85,686700448 | info@sietexciento.es,Fetcher,2026-03-07T23:46:09+00:00,aafc_directory_pilot
SANRO ASESORES,specialized_directory,AAFC - Despachos Profesionales,https://asesoresfiscalesdecanarias.org/servicios/despachos-profesionales/,sd_colegial_sectorial,las palmas de gran canaria|gran canaria,email,info@sanroasesores.com,Unknown,"fiscal, contable, laboral","direct_email, capital_insular",95,72,sanro-asesores|las-palmas-de-gran-canaria-gran-canaria|email|info-sanroasesores-com,"site:org ""asesores fiscales"" Canarias asociacion",42,Unknown,928261920,Unknown,despacho,85,928261920 / 928275482 | info@sanroasesores.com,Fetcher,2026-03-07T23:46:09+00:00,aafc_directory_pilot
"MP LAS PALMAS 2020,SL",specialized_directory,AAFC - Despachos Profesionales,https://asesoresfiscalesdecanarias.org/servicios/despachos-profesionales/,sd_colegial_sectorial,las palmas de gran canaria|gran canaria,email,info@mplaspalmas.com,Unknown,"fiscal, contable, laboral","direct_email, capital_insular",95,72,mp-las-palmas-2020|las-palmas-de-gran-canaria-gran-canaria|email|info-mplaspalmas-com,"site:org ""asesores fiscales"" Canarias asociacion",17,Unknown,928483154,Unknown,despacho,85,928483154 | info@mplaspalmas.com,Fetcher,2026-03-07T23:46:09+00:00,aafc_directory_pilot
LAMAR ASESORÍA,specialized_directory,AAFC - Despachos Profesionales,https://asesoresfiscalesdecanarias.org/servicios/despachos-profesionales/,sd_colegial_sectorial,las palmas de gran canaria|gran canaria,email,info@lamarasesoria.com,Unknown,"fiscal, contable, laboral","direct_email, capital_insular",95,72,lamar-asesoria|las-palmas-de-gran-canaria-gran-canaria|email|info-lamarasesoria-com,"site:org ""asesores fiscales"" Canarias asociacion",54,Unknown,828981278,Unknown,despacho,85,828981278 | info@lamarasesoria.com,Fetcher,2026-03-07T23:46:09+00:00,aafc_directory_pilot
"GARCÍA RUIZ CONSULTORES, S.L.",specialized_directory,AAFC - Despachos Profesionales,https://asesoresfiscalesdecanarias.org/servicios/despachos-profesionales/,sd_colegial_sectorial,las palmas de gran canaria|gran canaria,email,info@asesoriagarciamendoza.com,Unknown,"fiscal, contable, laboral","direct_email, capital_insular",95,72,garcia-ruiz-consultores|las-palmas-de-gran-canaria-gran-canaria|email|info-asesoriagarciamendoza-com,"site:org ""asesores fiscales"" Canarias asociacion",20,Unknown,928371500,Unknown,despacho,85,928371500 | info@asesoriagarciamendoza.com,Fetcher,2026-03-07T23:46:09+00:00,aafc_directory_pilot
CANARIE CONSULTING DI RENATO SPIZZICHINO SLU,specialized_directory,AAFC - Despachos Profesionales,https://asesoresfiscalesdecanarias.org/servicios/despachos-profesionales/,sd_colegial_sectorial,las palmas de gran canaria|gran canaria,email,info@canarieconsulting.com,Unknown,"fiscal, contable, laboral","direct_email, capital_insular",95,72,canarie-consulting-di-renato-spizzichino-slu|las-palmas-de-gran-canaria-gran-canaria|email|info-canarieconsulting-com,"site:org ""asesores fiscales"" Canarias asociacion",36,Unknown,928765249,Unknown,despacho,85,928765249 | info@canarieconsulting.com,Fetcher,2026-03-07T23:46:09+00:00,aafc_directory_pilot
"ASCORA ASESORÍA FISCAL, S.L.",specialized_directory,AAFC - Despachos Profesionales,https://asesoresfiscalesdecanarias.org/servicios/despachos-profesionales/,sd_colegial_sectorial,las palmas de gran canaria|gran canaria,email,administracion@ascora.es,Unknown,"fiscal, contable, laboral","direct_email, capital_insular",95,72,ascora-asesoria-fiscal|las-palmas-de-gran-canaria-gran-canaria|email|administracion-ascora-es,"site:org ""asesores fiscales"" Canarias asociacion",38,Unknown,928353907,Unknown,despacho,85,928353907 | administracion@ascora.es,Fetcher,2026-03-07T23:46:09+00:00,aafc_directory_pilot
VILLA Y SECO ASESORES S.L.U.,specialized_directory,AAFC - Despachos Profesionales,https://asesoresfiscalesdecanarias.org/servicios/despachos-profesionales/,sd_colegial_sectorial,telde|gran canaria,email,info@vysasesores.com,Unknown,"fiscal, contable, laboral",direct_email,95,72,villa-y-seco-asesores-u|telde-gran-canaria|email|info-vysasesores-com,"site:org ""asesores fiscales"" Canarias asociacion",35,Unknown,603011470,Unknown,despacho,80,603011470 | INFO@VYSASESORES.COM,Fetcher,2026-03-07T23:46:09+00:00,aafc_directory_pilot
RODRIGUEZ Y GUERRERO Y ASOCIADOS CONSULTANTS S.L.,specialized_directory,AAFC - Despachos Profesionales,https://asesoresfiscalesdecanarias.org/servicios/despachos-profesionales/,sd_colegial_sectorial,telde|gran canaria,email,asesoria@rygasesor.com,Unknown,"fiscal, contable, laboral",direct_email,95,72,rodriguez-y-guerrero-y-asociados-consultants|telde-gran-canaria|email|asesoria-rygasesor-com,"site:org ""asesores fiscales"" Canarias asociacion",2,Unknown,928715360,Unknown,despacho,80,928715360 | asesoria@rygasesor.com,Fetcher,2026-03-07T23:46:09+00:00,aafc_directory_pilot
"MARTÍNEZ Y ASOCIADOS,S.C.P.",specialized_directory,AAFC - Despachos Profesionales,https://asesoresfiscalesdecanarias.org/servicios/despachos-profesionales/,sd_colegial_sectorial,san bartolome de tirajana|gran canaria,email,info@martinezyasociados.net,Unknown,"fiscal, contable, laboral",direct_email,95,72,martinez-y-asociados|san-bartolome-de-tirajana-gran-canaria|email|info-martinezyasociados-net,"site:org ""asesores fiscales"" Canarias asociacion",53,Unknown,928529817,Unknown,despacho,80,928529817 | info@martinezyasociados.net,Fetcher,2026-03-07T23:46:09+00:00,aafc_directory_pilot
HERGONZA ASESORES,specialized_directory,AAFC - Despachos Profesionales,https://asesoresfiscalesdecanarias.org/servicios/despachos-profesionales/,sd_colegial_sectorial,puerto de la cruz|tenerife,email,info@hergonza.com,Unknown,"fiscal, contable, laboral",direct_email,95,72,hergonza-asesores|puerto-de-la-cruz-tenerife|email|info-hergonza-com,"site:org ""asesores fiscales"" Canarias asociacion",48,Unknown,922878575,Unknown,despacho,80,922878575 | info@hergonza.com,Fetcher,2026-03-07T23:46:09+00:00,aafc_directory_pilot
GONZÁLEZ ABOGADOS & ASESORES,specialized_directory,AAFC - Despachos Profesionales,https://asesoresfiscalesdecanarias.org/servicios/despachos-profesionales/,sd_colegial_sectorial,telde|gran canaria,email,info@gonzalezabogadosyasesores.com,Unknown,"fiscal, contable, laboral",direct_email,95,72,gonzalez-abogados-and-asesores|telde-gran-canaria|email|info-gonzalezabogadosyasesores-com,"site:org ""asesores fiscales"" Canarias asociacion",10,Unknown,928059210,Unknown,despacho,80,928059210 | info@gonzalezabogadosyasesores.com,Fetcher,2026-03-07T23:46:09+00:00,aafc_directory_pilot
"GESTORES Y ASESORES JUBENKAS, S.L.U",specialized_directory,AAFC - Despachos Profesionales,https://asesoresfiscalesdecanarias.org/servicios/despachos-profesionales/,sd_colegial_sectorial,santa lucia de tirajana|gran canaria,email,info@asesoriajubenkas.com,Unknown,"fiscal, contable, laboral",direct_email,95,72,gestores-y-asesores-jubenkas-u|santa-lucia-de-tirajana-gran-canaria|email|info-asesoriajubenkas-com,"site:org ""asesores fiscales"" Canarias asociacion",14,Unknown,928792784,Unknown,despacho,80,928792784 | INFO@ASESORIAJUBENKAS.COM,Fetcher,2026-03-07T23:46:09+00:00,aafc_directory_pilot
GESTIDO ASESORES SL,specialized_directory,AAFC - Despachos Profesionales,https://asesoresfiscalesdecanarias.org/servicios/despachos-profesionales/,sd_colegial_sectorial,san cristobal de la laguna|tenerife,email,direccion@gestidoasesores.com,Unknown,"fiscal, contable, laboral",direct_email,95,72,gestido-asesores|san-cristobal-de-la-laguna-tenerife|email|direccion-gestidoasesores-com,"site:org ""asesores fiscales"" Canarias asociacion",29,Unknown,922926615,Unknown,despacho,80,922926615 | direccion@gestidoasesores.com,Fetcher,2026-03-07T23:46:09+00:00,aafc_directory_pilot
"FINANCANARY, S.L.",specialized_directory,AAFC - Despachos Profesionales,https://asesoresfiscalesdecanarias.org/servicios/despachos-profesionales/,sd_colegial_sectorial,santa lucia de tirajana|gran canaria,email,info@financanary.es,Unknown,"fiscal, contable, laboral",direct_email,95,72,financanary|santa-lucia-de-tirajana-gran-canaria|email|info-financanary-es,"site:org ""asesores fiscales"" Canarias asociacion",28,Unknown,928793679,Unknown,despacho,80,928793679 | info@financanary.es,Fetcher,2026-03-07T23:46:09+00:00,aafc_directory_pilot
"ECOVEN ASESORES Y ECONOMISTAS, S.L.",specialized_directory,AAFC - Despachos Profesionales,https://asesoresfiscalesdecanarias.org/servicios/despachos-profesionales/,sd_colegial_sectorial,san bartolome de tirajana|gran canaria,email,info@ecoven.info,Unknown,"fiscal, contable, laboral",direct_email,95,72,ecoven-asesores-y-economistas|san-bartolome-de-tirajana-gran-canaria|email|info-ecoven-info,"site:org ""asesores fiscales"" Canarias asociacion",44,Unknown,928768392,Unknown,despacho,80,928768392 | info@ecoven.info,Fetcher,2026-03-07T23:46:09+00:00,aafc_directory_pilot
"DIAZ LLARENA CONSULTORES Y ASESORES, SLP",specialized_directory,AAFC - Despachos Profesionales,https://asesoresfiscalesdecanarias.org/servicios/despachos-profesionales/,sd_colegial_sectorial,güimar|tenerife,email,info@llarenaasesores.com,Unknown,"fiscal, contable, laboral",direct_email,95,72,diaz-llarena-consultores-y-asesores|guimar-tenerife|email|info-llarenaasesores-com,"site:org ""asesores fiscales"" Canarias asociacion",69,Unknown,922392754,Unknown,despacho,80,922-392-754 | info@llarenaasesores.com,Fetcher,2026-03-07T23:46:09+00:00,aafc_directory_pilot
CARRIZAL CONSULTING SL,specialized_directory,AAFC - Despachos Profesionales,https://asesoresfiscalesdecanarias.org/servicios/despachos-profesionales/,sd_colegial_sectorial,ingenio|gran canaria,email,info@carrizalconsulting.com,Unknown,"fiscal, contable, laboral",direct_email,95,72,carrizal-consulting|ingenio-gran-canaria|email|info-carrizalconsulting-com,"site:org ""asesores fiscales"" Canarias asociacion",24,Unknown,928789115,Unknown,despacho,80,928789115 | info@carrizalconsulting.com,Fetcher,2026-03-07T23:46:09+00:00,aafc_directory_pilot
ASESORIA SANTIAGO HERNANDEZ,specialized_directory,AAFC - Despachos Profesionales,https://asesoresfiscalesdecanarias.org/servicios/despachos-profesionales/,sd_colegial_sectorial,san cristobal de la laguna|tenerife,email,fiscal@asesoriahdez.com,Unknown,"fiscal, contable, laboral",direct_email,95,72,asesoria-santiago-hernandez|san-cristobal-de-la-laguna-tenerife|email|fiscal-asesoriahdez-com,"site:org ""asesores fiscales"" Canarias asociacion",1,Unknown,649467945,Unknown,despacho,80,649467945 | fiscal@asesoriahdez.com,Fetcher,2026-03-07T23:46:09+00:00,aafc_directory_pilot
ASESORIA FCG,specialized_directory,AAFC - Despachos Profesionales,https://asesoresfiscalesdecanarias.org/servicios/despachos-profesionales/,sd_colegial_sectorial,santa lucia de tirajana|gran canaria,email,info@fcgasesoria.es,Unknown,"fiscal, contable, laboral",direct_email,95,72,asesoria-fcg|santa-lucia-de-tirajana-gran-canaria|email|info-fcgasesoria-es,"site:org ""asesores fiscales"" Canarias asociacion",12,Unknown,928791636,Unknown,despacho,80,928791636 | info@fcgasesoria.es,Fetcher,2026-03-07T23:46:09+00:00,aafc_directory_pilot
ARGUAMA CONSULTORES EMPRESARIALES SL,specialized_directory,AAFC - Despachos Profesionales,https://asesoresfiscalesdecanarias.org/servicios/despachos-profesionales/,sd_colegial_sectorial,candelaria|tenerife,email,administracion@arguamaconsultores.es,Unknown,"fiscal, contable, laboral",direct_email,95,72,arguama-consultores-empresariales|candelaria-tenerife|email|administracion-arguamaconsultores-es,"site:org ""asesores fiscales"" Canarias asociacion",30,Unknown,922278008,Unknown,despacho,80,922278008 | administracion@arguamaconsultores.es,Fetcher,2026-03-07T23:46:09+00:00,aafc_directory_pilot
ADRIANA DE LA NUEZ ASESORES SLP,specialized_directory,AAFC - Despachos Profesionales,https://asesoresfiscalesdecanarias.org/servicios/despachos-profesionales/,sd_colegial_sectorial,adeje|tenerife,email,asesoria@adrianadelanuez.com,Unknown,"fiscal, contable, laboral",direct_email,95,72,adriana-de-la-nuez-asesores|adeje-tenerife|email|asesoria-adrianadelanuez-com,"site:org ""asesores fiscales"" Canarias asociacion",47,Unknown,671367761,Unknown,despacho,80,671367761 | asesoria@adrianadelanuez.com,Fetcher,2026-03-07T23:46:09+00:00,aafc_directory_pilot
"V-DP ASESORES, S.L.",specialized_directory,AAFC - Despachos Profesionales,https://asesoresfiscalesdecanarias.org/servicios/despachos-profesionales/,sd_colegial_sectorial,las palmas de gran canaria|gran canaria,email,info@vdpasesores.com,Unknown,"fiscal, contable","direct_email, capital_insular",95,72,v-dp-asesores|las-palmas-de-gran-canaria-gran-canaria|email|info-vdpasesores-com,"site:org ""asesores fiscales"" Canarias asociacion",62,Unknown,928361561,Unknown,despacho,75,928361561 | info@vdpasesores.com,Fetcher,2026-03-07T23:46:09+00:00,aafc_directory_pilot
"GALVÁN & MARTÍN ASESORÍA DE EMPRESAS, S.L.",specialized_directory,AAFC - Despachos Profesionales,https://asesoresfiscalesdecanarias.org/servicios/despachos-profesionales/,sd_colegial_sectorial,las palmas de gran canaria|gran canaria,email,asesoria@galvan-martin.com,Unknown,"fiscal, contable","direct_email, capital_insular",95,72,galvan-and-martin-asesoria-de-empresas|las-palmas-de-gran-canaria-gran-canaria|email|asesoria-galvan-martin-com,"site:org ""asesores fiscales"" Canarias asociacion",18,Unknown,928963719,Unknown,despacho,75,928963719 | asesoria@galvan-martin.com,Fetcher,2026-03-07T23:46:09+00:00,aafc_directory_pilot
CONTAHERRADORES,specialized_directory,AAFC - Despachos Profesionales,https://asesoresfiscalesdecanarias.org/servicios/despachos-profesionales/,sd_colegial_sectorial,santa cruz de tenerife|tenerife,email,info@contaherradores.es,Unknown,"fiscal, contable","direct_email, capital_insular",95,72,contaherradores|santa-cruz-de-tenerife-tenerife|email|info-contaherradores-es,"site:org ""asesores fiscales"" Canarias asociacion",33,Unknown,922149623,Unknown,despacho,75,922149623 | INFO@CONTAHERRADORES.ES,Fetcher,2026-03-07T23:46:09+00:00,aafc_directory_pilot
0-FINACO ASESORES S.L.,specialized_directory,AAFC - Despachos Profesionales,https://asesoresfiscalesdecanarias.org/servicios/despachos-profesionales/,sd_colegial_sectorial,las palmas de gran canaria|gran canaria,email,info@finacoasesores.com,Unknown,"fiscal, contable","direct_email, capital_insular",95,72,0-finaco-asesores|las-palmas-de-gran-canaria-gran-canaria|email|info-finacoasesores-com,"site:org ""asesores fiscales"" Canarias asociacion",9,Unknown,928223394,Unknown,despacho,75,928223394 | INFO@FINACOASESORES.COM,Fetcher,2026-03-07T23:46:09+00:00,aafc_directory_pilot
SABRINA L. WILLIAMS (CANARY ADMIN SERVICES),specialized_directory,AAFC - Despachos Profesionales,https://asesoresfiscalesdecanarias.org/servicios/despachos-profesionales/,sd_colegial_sectorial,puerto del rosario|fuerteventura,email,admin@canaryadminservices.com,Unknown,"fiscal, contable, laboral",direct_email,95,72,sabrina-l-williams-canary-admin-services|puerto-del-rosario-fuerteventura|email|admin-canaryadminservices-com,"site:org ""asesores fiscales"" Canarias asociacion",51,Unknown,668837250,Unknown,despacho,70,668837250 | admin@canaryadminservices.com,Fetcher,2026-03-07T23:46:09+00:00,aafc_directory_pilot
LOPE ASESORES S.L.,specialized_directory,AAFC - Despachos Profesionales,https://asesoresfiscalesdecanarias.org/servicios/despachos-profesionales/,sd_colegial_sectorial,tuineje|fuerteventura,email,info@lopeasesores.com,Unknown,"fiscal, contable, laboral",direct_email,95,72,lope-asesores|tuineje-fuerteventura|email|info-lopeasesores-com,"site:org ""asesores fiscales"" Canarias asociacion",16,Unknown,928161365,Unknown,despacho,70,928161365 | info@lopeasesores.com,Fetcher,2026-03-07T23:46:09+00:00,aafc_directory_pilot
"ISLA CONSULTING 2014, S.L.",specialized_directory,AAFC - Despachos Profesionales,https://asesoresfiscalesdecanarias.org/servicios/despachos-profesionales/,sd_colegial_sectorial,arrecife|lanzarote,email,info@islaconsulting.es,Unknown,"fiscal, contable, laboral",direct_email,95,72,isla-consulting-2014|arrecife-lanzarote|email|info-islaconsulting-es,"site:org ""asesores fiscales"" Canarias asociacion",43,Unknown,828085975,Unknown,despacho,70,828085975 | info@islaconsulting.es,Fetcher,2026-03-07T23:46:09+00:00,aafc_directory_pilot
DOMINGO FONTES RODRIGUEZ,specialized_directory,AAFC - Despachos Profesionales,https://asesoresfiscalesdecanarias.org/servicios/despachos-profesionales/,sd_colegial_sectorial,arrecife|lanzarote,email,info@forolanz.com,Unknown,"fiscal, contable, laboral",direct_email,95,72,domingo-fontes-rodriguez|arrecife-lanzarote|email|info-forolanz-com,"site:org ""asesores fiscales"" Canarias asociacion",13,Unknown,928803050,Unknown,despacho,70,928803050 | info@forolanz.com,Fetcher,2026-03-07T23:46:09+00:00,aafc_directory_pilot
CORE FISCAL S.L.,specialized_directory,AAFC - Despachos Profesionales,https://asesoresfiscalesdecanarias.org/servicios/despachos-profesionales/,sd_colegial_sectorial,san bartolome de tirajana|gran canaria,email,info@corefiscal.com,Unknown,"fiscal, contable",direct_email,95,72,core-fiscal|san-bartolome-de-tirajana-gran-canaria|email|info-corefiscal-com,"site:org ""asesores fiscales"" Canarias asociacion",45,Unknown,928765554,Unknown,despacho,70,928765554 | info@corefiscal.com,Fetcher,2026-03-07T23:46:09+00:00,aafc_directory_pilot
ASESORIA PALCONTA,specialized_directory,AAFC - Despachos Profesionales,https://asesoresfiscalesdecanarias.org/servicios/despachos-profesionales/,sd_colegial_sectorial,los llanos de aridane|la palma,email,asesoria@palconta.com,Unknown,"fiscal, contable, laboral",direct_email,95,72,asesoria-palconta|los-llanos-de-aridane-la-palma|email|asesoria-palconta-com,"site:org ""asesores fiscales"" Canarias asociacion",32,Unknown,822296638,Unknown,despacho,70,822296638 | asesoria@palconta.com,Fetcher,2026-03-07T23:46:09+00:00,aafc_directory_pilot
SALVADOR JESUS PEREZ MACHIN - ASAPEMA -,specialized_directory,AAFC - Despachos Profesionales,https://asesoresfiscalesdecanarias.org/servicios/despachos-profesionales/,sd_colegial_sectorial,arrecife|lanzarote,email,info@asapema.com,Unknown,"fiscal, contable",direct_email,95,72,salvador-jesus-perez-machin-asapema|arrecife-lanzarote|email|info-asapema-com,"site:org ""asesores fiscales"" Canarias asociacion",15,Unknown,928844448,Unknown,despacho,60,928 84 44 48 | info@asapema.com,Fetcher,2026-03-07T23:46:09+00:00,aafc_directory_pilot
MONICA PEDRARES PATIÑO,specialized_directory,AAFC - Despachos Profesionales,https://asesoresfiscalesdecanarias.org/servicios/despachos-profesionales/,sd_colegial_sectorial,la oliva|fuerteventura,email,hola@monicavirtual.com,Unknown,"fiscal, contable",direct_email,95,72,monica-pedrares-patino|la-oliva-fuerteventura|email|hola-monicavirtual-com,"site:org ""asesores fiscales"" Canarias asociacion",63,Unknown,658029876,Unknown,despacho,60,658029876 | hola@monicavirtual.com,Fetcher,2026-03-07T23:46:09+00:00,aafc_directory_pilot
HUBLO LEGAL,specialized_directory,AAFC - Despachos Profesionales,https://asesoresfiscalesdecanarias.org/servicios/despachos-profesionales/,sd_colegial_sectorial,las palmas de gran canaria|gran canaria,email,info@hublo.es,Unknown,fiscal,"direct_email, capital_insular",95,72,hublo-legal|las-palmas-de-gran-canaria-gran-canaria|email|info-hublo-es,"site:org ""asesores fiscales"" Canarias asociacion",52,Unknown,666834976669613678,Unknown,despacho,50,666834976/669613678 | info@hublo.es,Fetcher,2026-03-07T23:46:09+00:00,aafc_directory_pilot
VIVOSOL SLU,specialized_directory,AAFC - Despachos Profesionales,https://asesoresfiscalesdecanarias.org/servicios/despachos-profesionales/,sd_colegial_sectorial,arona|tenerife,email,administracion@vivosol.com,Unknown,fiscal,direct_email,95,72,vivosol-slu|arona-tenerife|email|administracion-vivosol-com,"site:org ""asesores fiscales"" Canarias asociacion",34,Unknown,34922792379,Unknown,despacho,45,+34922792379 | administracion@vivosol.com,Fetcher,2026-03-07T23:46:09+00:00,aafc_directory_pilot
BUFETE JURÍDICO ELIMANE CANARIAS,specialized_directory,AAFC - Despachos Profesionales,https://asesoresfiscalesdecanarias.org/servicios/despachos-profesionales/,sd_colegial_sectorial,las palmas de gran canaria|gran canaria,email,ecbufetejuridico@gmail.com,Unknown,"fiscal, contable, laboral",capital_insular,95,55,bufete-juridico-elimane-canarias|las-palmas-de-gran-canaria-gran-canaria|email|ecbufetejuridico-gmail-com,"site:org ""asesores fiscales"" Canarias asociacion",65,Unknown,928049668,Unknown,despacho,80,928 049 668 - 663 360 012 | ecbufetejuridico@gmail.com,Fetcher,2026-03-07T23:46:09+00:00,aafc_directory_pilot
Asesoría Santa Cruz de Tenerife,google_basic,google_basic_live_serp,https://www.asesoriaentenerife.es/,gb_core_contact,santa cruz de tenerife|tenerife,email,asesoriasantacruztenerife@gmail.com,https://asesoriaentenerife.es,"fiscal, contable, laboral, renta, mercantil",capital_insular,95,55,asesoria-santa-cruz-de-tenerife|santa-cruz-de-tenerife-tenerife|email|asesoriasantacruztenerife-gmail-com,"""asesoria contable"" ""Santa Cruz de Tenerife"" ""contacto""",4,https://www.asesoriaentenerife.es/contacto,822680076,Unknown,despacho,80,serp=Asesoría Santa Cruz de Tenerife Asesoría Santa Cruz de Tenerife https://www.asesoriaentenerife.es | channel=asesoriasantacruztenerife@gmail.com,StealthySession + Fetcher,2026-03-08T00:00:00+00:00,"google_live_discovery, contact_path_followup, serp_landing_not_root, curated_google_basic_v1"
EFRAIN PEREZ REYES G.A.L.C.O.,specialized_directory,AAFC - Despachos Profesionales,https://asesoresfiscalesdecanarias.org/servicios/despachos-profesionales/,sd_colegial_sectorial,tacoronte|tenerife,email,galco2782@gmail.com,Unknown,"fiscal, contable, laboral",,95,55,efrain-perez-reyes-g-a-l-c-o|tacoronte-tenerife|email|galco2782-gmail-com,"site:org ""asesores fiscales"" Canarias asociacion",4,Unknown,922560904,Unknown,despacho,75,922560904 | galco2782@gmail.com,Fetcher,2026-03-07T23:46:09+00:00,aafc_directory_pilot
AIMA SERVICIOS PROFESIONALES SL (ASESORIA HERMANOS ESPINO),specialized_directory,AAFC - Despachos Profesionales,https://asesoresfiscalesdecanarias.org/servicios/despachos-profesionales/,sd_colegial_sectorial,santa lucia de tirajana|gran canaria,email,asesoriahermanosespino@gmail.com,Unknown,"fiscal, contable, laboral",,95,55,aima-servicios-profesionales-asesoria-hermanos-espino|santa-lucia-de-tirajana-gran-canaria|email|asesoriahermanosespino-gmail-com,"site:org ""asesores fiscales"" Canarias asociacion",59,Unknown,928756029,Unknown,despacho,75,928756029 | asesoriahermanosespino@gmail.com,Fetcher,2026-03-07T23:46:09+00:00,aafc_directory_pilot
ASESORIA MARIA PILAR FARIÑA,specialized_directory,AAFC - Despachos Profesionales,https://asesoresfiscalesdecanarias.org/servicios/despachos-profesionales/,sd_colegial_sectorial,santa cruz de tenerife|tenerife,email,mapilfaro@gmail.com,Unknown,"fiscal, contable",capital_insular,95,55,asesoria-maria-pilar-farina|santa-cruz-de-tenerife-tenerife|email|mapilfaro-gmail-com,"site:org ""asesores fiscales"" Canarias asociacion",25,Unknown,687439295,Unknown,despacho,70,687439295 | mapilfaro@gmail.com,Fetcher,2026-03-07T23:46:09+00:00,aafc_directory_pilot
LAURA ALEMAN SANCHEZ,specialized_directory,AAFC - Despachos Profesionales,https://asesoresfiscalesdecanarias.org/servicios/despachos-profesionales/,sd_colegial_sectorial,santa lucia de tirajana|gran canaria,email,asesoria.alemansanchez@gmail.com,Unknown,"fiscal, contable",,95,55,laura-aleman-sanchez|santa-lucia-de-tirajana-gran-canaria|email|asesoria-alemansanchez-gmail-com,"site:org ""asesores fiscales"" Canarias asociacion",60,Unknown,690352485,Unknown,despacho,65,690352485 | asesoria.alemansanchez@gmail.com,Fetcher,2026-03-07T23:46:09+00:00,aafc_directory_pilot
L&G ASESORES,specialized_directory,AAFC - Despachos Profesionales,https://asesoresfiscalesdecanarias.org/servicios/despachos-profesionales/,sd_colegial_sectorial,adeje|tenerife,email,lg.asesoramiento@gmail.com,Unknown,"fiscal, contable",,95,55,landg-asesores|adeje-tenerife|email|lg-asesoramiento-gmail-com,"site:org ""asesores fiscales"" Canarias asociacion",41,Unknown,603479679,Unknown,despacho,65,603479679 | lg.asesoramiento@gmail.com,Fetcher,2026-03-07T23:46:09+00:00,aafc_directory_pilot
"C.I.E. FUERTEVENTURA, S.L",specialized_directory,AAFC - Despachos Profesionales,https://asesoresfiscalesdecanarias.org/servicios/despachos-profesionales/,sd_colegial_sectorial,tuineje|fuerteventura,email,cieasesoria@gmail.com,Unknown,"fiscal, contable, laboral",,95,55,c-i-e-fuerteventura|tuineje-fuerteventura|email|cieasesoria-gmail-com,"site:org ""asesores fiscales"" Canarias asociacion",22,Unknown,677412400,Unknown,despacho,65,677412400 | cieasesoria@gmail.com,Fetcher,2026-03-07T23:46:09+00:00,aafc_directory_pilot
SILVIA FRANCO,specialized_directory,AAFC - Despachos Profesionales,https://asesoresfiscalesdecanarias.org/servicios/despachos-profesionales/,sd_colegial_sectorial,puerto del rosario|fuerteventura,email,bissaconsulting@gmail.com,Unknown,"fiscal, contable",,95,55,silvia-franco|puerto-del-rosario-fuerteventura|email|bissaconsulting-gmail-com,"site:org ""asesores fiscales"" Canarias asociacion",70,Unknown,633172154,Unknown,despacho,55,633172154 | bissaconsulting@gmail.com,Fetcher,2026-03-07T23:46:09+00:00,aafc_directory_pilot
GABINETE TINERFEÑO DE GESTION SL,specialized_directory,AAFC - Despachos Profesionales,https://asesoresfiscalesdecanarias.org/servicios/despachos-profesionales/,sd_colegial_sectorial,arona|tenerife,email,asesoriagtg@gmail.com,Unknown,,,95,55,gabinete-tinerfeno-de-gestion|arona-tenerife|email|asesoriagtg-gmail-com,"site:org ""asesores fiscales"" Canarias asociacion",7,Unknown,922730334,Unknown,despacho,15,922730334 | asesoriagtg@gmail.com,Fetcher,2026-03-07T23:46:09+00:00,aafc_directory_pilot
CE Consulting Santa Cruz de Tenerife,google_basic,google_basic_live_serp,https://santacruzdetenerife.ceconsulting.es/asesoria-empresas/,gb_core_contact,santa cruz de tenerife|tenerife,form,https://santacruzdetenerife.ceconsulting.es/#wpcf7-f1524-o1,https://santacruzdetenerife.ceconsulting.es,"fiscal, contable, laboral, autonomos, pymes, sociedades, renta, mercantil, subvenciones","form_only, capital_insular, autonomos, pymes, sociedades",95,50,ce-consulting-santa-cruz-de-tenerife|santa-cruz-de-tenerife-tenerife|form|https-santacruzdetenerife-ceconsulting-es-wpcf7-f1524-o1,"""asesoria contable"" ""Santa Cruz de Tenerife"" ""contacto""",7,https://santacruzdetenerife.ceconsulting.es/contacto/,922821877,Unknown,despacho,90,serp=Asesoría y consultoría CE Santa Cruz de Tenerife CE Consulting Santa Cruz de Tenerife https://santac | channel=https://santacruzdetenerife.ceconsulting.es/#wpcf7-f1524-o1,StealthySession + Fetcher,2026-03-08T00:00:19+00:00,"google_live_discovery, contact_path_followup, serp_landing_not_root, curated_google_basic_v1"
Asesorae,google_basic,google_basic_live_serp,https://www.asesorae.com/,gb_core_contact,las palmas de gran canaria|gran canaria,form,https://www.asesorae.com/,https://asesorae.com,"fiscal, contable, laboral, pymes, sociedades","form_only, capital_insular, pymes, sociedades",95,50,asesorae|las-palmas-de-gran-canaria-gran-canaria|form|https-www-asesorae-com,"""asesoria contable"" ""Santa Cruz de Tenerife"" ""contacto""",2,https://www.asesorae.com/contacto,Unknown,Unknown,despacho,90,serp=Asesores Fiscales Tenerife Asesorae Smart solutions https://www.asesorae.com | channel=https://www.asesorae.com/,StealthySession + Fetcher,2026-03-07T23:59:56+00:00,"google_live_discovery, contact_path_followup, serp_landing_not_root, curated_google_basic_v1"
Asesoría Martín Lechado,google_basic,google_basic_live_serp,https://www.martinlechado.com/servicios/asesoria-fiscal-tenerife/,gb_service_pain,santa cruz de tenerife|tenerife,other_direct,34822689002,https://martinlechado.com,"fiscal, contable, laboral",capital_insular,95,45,asesoria-martin-lechado|santa-cruz-de-tenerife-tenerife|other_direct|34822689002,IGIC asesoria Tenerife contacto,6,https://www.martinlechado.com/contacto/,34822689002,Unknown,despacho,75,serp=Unknown | channel=34822689002,StealthySession + Fetcher,2026-03-08T00:02:34+00:00,"google_live_discovery, contact_path_followup, serp_landing_not_root, curated_google_basic_v1"
